[{"model": "admin.logentry", "pk": 1, "fields": {"action_time": "2021-08-02T08:13:45.529Z", "user": 1, "content_type": 8, "object_id": "8", "object_repr": "sergeyewqd", "action_flag": 3, "change_message": ""}}, {"model": "admin.logentry", "pk": 2, "fields": {"action_time": "2021-08-02T08:13:45.703Z", "user": 1, "content_type": 8, "object_id": "7", "object_repr": "sergey232323", "action_flag": 3, "change_message": ""}}, {"model": "admin.logentry", "pk": 3, "fields": {"action_time": "2021-08-02T08:13:45.788Z", "user": 1, "content_type": 8, "object_id": "6", "object_repr": "sergey4443", "action_flag": 3, "change_message": ""}}, {"model": "admin.logentry", "pk": 4, "fields": {"action_time": "2021-08-02T08:13:45.873Z", "user": 1, "content_type": 8, "object_id": "5", "object_repr": "sergey77", "action_flag": 3, "change_message": ""}}, {"model": "admin.logentry", "pk": 5, "fields": {"action_time": "2021-08-02T08:13:45.957Z", "user": 1, "content_type": 8, "object_id": "4", "object_repr": "sddddd", "action_flag": 3, "change_message": ""}}, {"model": "admin.logentry", "pk": 6, "fields": {"action_time": "2021-08-02T08:13:46.032Z", "user": 1, "content_type": 8, "object_id": "3", "object_repr": "sergey555", "action_flag": 3, "change_message": ""}}, {"model": "admin.logentry", "pk": 7, "fields": {"action_time": "2021-08-02T08:13:46.117Z", "user": 1, "content_type": 8, "object_id": "2", "object_repr": "sdaqwe", "action_flag": 3, "change_message": ""}}, {"model": "admin.logentry", "pk": 8, "fields": {"action_time": "2021-08-02T08:25:58.374Z", "user": 1, "content_type": 8, "object_id": "1", "object_repr": "sergey", "action_flag": 2, "change_message": "[{\"changed\": {\"fields\": [\"First name\", \"Last name\", \"Email\"]}}]"}}, {"model": "admin.logentry", "pk": 9, "fields": {"action_time": "2021-08-30T09:44:25.476Z", "user": 1, "content_type": 6, "object_id": "4", "object_repr": "Test", "action_flag": 1, "change_message": "[{\"added\": {}}]"}}, {"model": "sessions.session", "pk": "1dvarjut3z0wjw5apl2qoburqcuely2i", "fields": {"session_data": "e30:1mAYLu:iNTav0F9EwZBLybfAn16tyOUVyK0GOwRIlkLkB0Qt04", "expire_date": "2021-08-16T13:51:34.815Z"}}, {"model": "sessions.session", "pk": "3jnl79e9st4f1v7yvv65gyln6lruke29", "fields": {"session_data": ".eJxVjMsOwiAQRf-FtSEMpTxcuvcbyDAMUjU0Ke3K-O_apAvd3nPOfYmI21rj1nmJUxZnAeL0uyWkB7cd5Du22yxpbusyJbkr8qBdXufMz8vh_h1U7PVbExE65mSsRkcK2KhQvKIRVUkGyAUChQmwEFoPYSD2YMtooGgYlBbvDwutOD4:1mI5xW:KoFkMXY9gWAEFQwjNOBPNQ5ZB6Ja_LHY6jznX1plWXU", "expire_date": "2021-09-06T09:09:34.096Z"}}, {"model": "sessions.session", "pk": "6uniphbc7tsyzltf7y2btmvppjxtnnc5", "fields": {"session_data": ".eJxVjMsOwiAQRf-FtSEMpTxcuvcbyDAMUjU0Ke3K-O_apAvd3nPOfYmI21rj1nmJUxZnAeL0uyWkB7cd5Du22yxpbusyJbkr8qBdXufMz8vh_h1U7PVbExE65mSsRkcK2KhQvKIRVUkGyAUChQmwEFoPYSD2YMtooGgYlBbvDwutOD4:1mKeS4:cFzQXvjUNfwfz1oNQFP-Qscl4ehmJvvOTSJg86ACJ7o", "expire_date": "2021-09-13T10:23:40.064Z"}}, {"model": "sessions.session", "pk": "izy4k0c1d70dmy73wsxde9i3up83mrzx", "fields": {"session_data": "eyJnb29nbGUtb2F1dGgyX3N0YXRlIjoiaTZWYzMzMktBYmp4TjhUTjRyMTA5Z202Mmx2YllnUmwifQ:1mAsgq:QLKy45DBTFuaqX710NiCdLF-jFN8jwcuSla0PLNCg84", "expire_date": "2021-08-17T11:34:32.153Z"}}, {"model": "sessions.session", "pk": "mdaekadkmavrfkaows7spkd4czelaax0", "fields": {"session_data": ".eJxVjMsOwiAQRf-FtSEMpTxcuvcbyDAMUjU0Ke3K-O_apAvd3nPOfYmI21rj1nmJUxZnAeL0uyWkB7cd5Du22yxpbusyJbkr8qBdXufMz8vh_h1U7PVbExE65mSsRkcK2KhQvKIRVUkGyAUChQmwEFoPYSD2YMtooGgYlBbvDwutOD4:1mGj18:CjEw8KUOZHWNj9Utx6r5lm8CIFvq6xwRg9V2Tg9YgOk", "expire_date": "2021-09-02T14:27:38.678Z"}}, {"model": "sessions.session", "pk": "yz33jnmgsi58m4wuqg8kjs7p1bip55v9", "fields": {"session_data": "eyJnb29nbGUtb2F1dGgyX3N0YXRlIjoiZ3lMMllySzFMeXhhbFpHNGZIc0ZxN0V0SlhtQVhhSHgifQ:1mAVVW:MEt2EfOUJ4wTU34XMFDOCmFzt6ACpfwne3Twb9Vnoy4", "expire_date": "2021-08-16T10:49:18.524Z"}}, {"model": "sessions.session", "pk": "zbzxyzn3p1zky359v0hz6kwoux3y7wn9", "fields": {"session_data": "e30:1mAYIy:TTLyWXIzguH-KOUG94_0iDdep0TAL_T6B11DQ6uell4", "expire_date": "2021-08-16T13:48:32.082Z"}}, {"model": "social_django.usersocialauth", "pk": 2, "fields": {"user": 3, "provider": "google-oauth2", "uid": "simakinsergey@gmail.com", "extra_data": "{\"auth_time\": 1628489304, \"expires\": 3599, \"token_type\": \"Bearer\", \"access_token\": \"ya29.a0ARrdaM9IVkNsG541wocZR2L3VjGklL9KwmBxeP1HN1kI7FLVIJ6hnfEhjw-BNOC_JLIIueFIXbGoD4XLbd37IN5pc8Zocvv7ehJesJi9ewHHE4bkzHd2i6z__myNy5xu8zfAGFMB7OOZRfGWZ7Fd0I-iur0Eow\"}", "created": "2021-08-02T11:15:06.253Z", "modified": "2021-08-09T06:08:24.375Z"}}, {"model": "social_django.usersocialauth", "pk": 3, "fields": {"user": 5, "provider": "vk-oauth2", "uid": "37626745", "extra_data": "{\"auth_time\": 1628489309, \"id\": 37626745, \"expires\": 86400, \"access_token\": \"76e4c442f1303fca45cddd54e575a612c5986ddd04ea07ca3532c89dde965dd1ff3b8542ae9e57a67cead\", \"token_type\": null}", "created": "2021-08-03T08:32:45.483Z", "modified": "2021-08-09T06:08:29.314Z"}}, {"model": "products.productscategory", "pk": 1, "fields": {"name": "Рюкзаки", "description": "dsfdsfgv"}}, {"model": "products.productscategory", "pk": 2, "fields": {"name": "Обувь", "description": "65456"}}, {"model": "products.productscategory", "pk": 3, "fields": {"name": "Одежда", "description": ""}}, {"model": "products.product", "pk": 1, "fields": {"name": "Худи черного цвета с монограммами adidas Originals", "image": "products_images/Adidas-hoodie_GwPlYAv.png", "description": "Мягкая ткань для свитшотов. Стиль и комфорт – это образ жизни.", "price": "609.00", "quantity": 16, "category": 1}}, {"model": "products.product", "pk": 2, "fields": {"name": "Синяя куртка The North Face", "image": "products_images/Blue-jacket-The-North-Face.png", "description": "Гладкая ткань. Водонепроницаемое покрытие. Легкий и теплый пуховый наполнитель.", "price": "2372.50", "quantity": 0, "category": 1}}, {"model": "products.product", "pk": 3, "fields": {"name": "Коричневый спортивный oversized-топ ASOS DESIGN", "image": "products_images/Brown-sports-oversized-top-ASOS-DESIGN.png", "description": "Материал с плюшевой текстурой. Удобный и мягкий.", "price": "339.00", "quantity": 43, "category": 1}}, {"model": "products.product", "pk": 4, "fields": {"name": "Черный рюкзак Nike Heritage", "image": "products_images/Black-Nike-Heritage-backpack.png", "description": "Плотная ткань. Легкий материал.", "price": "2340.00", "quantity": 5, "category": 3}}, {"model": "products.product", "pk": 5, "fields": {"name": "Черные туфли на платформе с 3 парами люверсов Dr Martens 1461 Bex", "image": "products_images/Black-Dr-Martens-shoes.png", "description": "Гладкий кожаный верх. Натуральный материал.", "price": "4953.56", "quantity": 0, "category": 2}}, {"model": "products.product", "pk": 6, "fields": {"name": "Коричневый спортивный oversized-топ ASOS DESIGNТемно-синие широкие строгие брюки ASOS DESIGN", "image": "", "description": "Легкая эластичная ткань сирсакер Фактурная ткань.", "price": "289.00", "quantity": 0, "category": 1}}, {"model": "products.product", "pk": 7, "fields": {"name": "Test", "image": "", "description": "fsdfsdf", "price": "4344.30", "quantity": 43, "category": 1}}, {"model": "users.user", "pk": 1, "fields": {"password": "pbkdf2_sha256$260000$RFRLocktQZ1qyPw1olMjhA$y1+/X7i3DDUVetMNm5hdi/y0e57gkvekc07L6AEQMyM=", "last_login": "2021-08-30T10:23:39.652Z", "is_superuser": true, "username": "sergey", "first_name": "Иван", "last_name": "Горин5", "is_staff": true, "is_active": true, "date_joined": "2021-07-29T07:19:55Z", "image": "", "email": "fred16@asd.ru", "activation_key": "", "activation_key_created": "2021-07-29T07:19:55.912Z", "groups": [], "user_permissions": []}}, {"model": "users.user", "pk": 3, "fields": {"password": "!xtzYpr5a4ZLrZamUAfdHNr8qkA0pr0g6X6DB2or6", "last_login": "2021-08-09T06:08:24.619Z", "is_superuser": false, "username": "simakinsergey", "first_name": "Сергей", "last_name": "", "is_staff": false, "is_active": true, "date_joined": "2021-08-02T11:15:05.991Z", "image": "users_images/3.jpeg", "email": "simakinsergey@gmail.com", "activation_key": "", "activation_key_created": "2021-08-02T11:15:05.993Z", "groups": [], "user_permissions": []}}, {"model": "users.user", "pk": 4, "fields": {"password": "pbkdf2_sha256$260000$PHAlUB3asiLH1aasfmTSgx$wt/f8D9Dh8RgYceVFradRxZLQl8nXyGs+hwqS5G6vTc=", "last_login": null, "is_superuser": false, "username": "fdfdf", "first_name": "Иван", "last_name": "Горин", "is_staff": false, "is_active": false, "date_joined": "2021-08-03T06:51:20.896Z", "image": "", "email": "fred16@a55sd.ru", "activation_key": "f9c9f385e1005e335bc482b9efbe83bc34115d6a", "activation_key_created": "2021-08-03T06:51:21.230Z", "groups": [], "user_permissions": []}}, {"model": "users.user", "pk": 5, "fields": {"password": "!S8ANC7w39a4scCTQ8cd6JEKV76fxe5VZEq6iJjUh", "last_login": "2021-08-09T06:08:29.559Z", "is_superuser": false, "username": "id37626745", "first_name": "Сергей", "last_name": "Симакин", "is_staff": false, "is_active": true, "date_joined": "2021-08-03T08:32:45.028Z", "image": "users_images/5.jpeg", "email": "fred17@mail.ru", "activation_key": "", "activation_key_created": "2021-08-03T08:32:45.028Z", "groups": [], "user_permissions": []}}, {"model": "users.userprofile", "pk": 1, "fields": {"user": 1, "tagline": "", "about_me": "23234", "age": 18, "gender": "M"}}, {"model": "users.userprofile", "pk": 3, "fields": {"user": 3, "tagline": "", "about_me": "", "age": 18, "gender": "M"}}, {"model": "users.userprofile", "pk": 4, "fields": {"user": 4, "tagline": "", "about_me": "", "age": 18, "gender": ""}}, {"model": "users.userprofile", "pk": 5, "fields": {"user": 5, "tagline": "", "about_me": "!", "age": 35, "gender": "M"}}, {"model": "baskets.basket", "pk": 15, "fields": {"user": 5, "product": 2, "quantity": 10, "created_timestamp": "2021-08-09T12:13:50.234Z"}}, {"model": "baskets.basket", "pk": 47, "fields": {"user": 1, "product": 1, "quantity": 1, "created_timestamp": "2021-08-30T12:46:37.820Z"}}, {"model": "baskets.basket", "pk": 48, "fields": {"user": 1, "product": 3, "quantity": 1, "created_timestamp": "2021-08-30T12:47:19.374Z"}}, {"model": "baskets.basket", "pk": 50, "fields": {"user": 1, "product": 6, "quantity": 1, "created_timestamp": "2021-08-30T12:48:41.737Z"}}, {"model": "baskets.basket", "pk": 52, "fields": {"user": 1, "product": 4, "quantity": 3, "created_timestamp": "2021-08-30T12:50:29.742Z"}}, {"model": "orders.order", "pk": 1, "fields": {"user": 5, "status": "FM", "is_active": true, "created": "2021-08-04T13:05:58.057Z", "updated": "2021-08-04T13:05:58.310Z"}}, {"model": "orders.order", "pk": 2, "fields": {"user": 5, "status": "FM", "is_active": true, "created": "2021-08-04T13:07:29.258Z", "updated": "2021-08-04T13:07:29.516Z"}}, {"model": "orders.order", "pk": 3, "fields": {"user": 5, "status": "FM", "is_active": true, "created": "2021-08-04T13:37:14.356Z", "updated": "2021-08-09T11:55:57.154Z"}}, {"model": "orders.order", "pk": 4, "fields": {"user": 1, "status": "FM", "is_active": true, "created": "2021-08-09T06:08:13.581Z", "updated": "2021-08-09T06:08:13.914Z"}}, {"model": "orders.order", "pk": 5, "fields": {"user": 1, "status": "FM", "is_active": true, "created": "2021-08-09T13:00:41.429Z", "updated": "2021-08-09T13:00:41.429Z"}}, {"model": "orders.order", "pk": 6, "fields": {"user": 1, "status": "FM", "is_active": false, "created": "2021-08-09T13:04:39.448Z", "updated": "2021-08-09T13:34:30.664Z"}}, {"model": "orders.order", "pk": 7, "fields": {"user": 1, "status": "FM", "is_active": true, "created": "2021-08-09T13:34:40.381Z", "updated": "2021-08-09T13:40:18.011Z"}}, {"model": "orders.order", "pk": 8, "fields": {"user": 1, "status": "FM", "is_active": true, "created": "2021-08-09T13:41:05.649Z", "updated": "2021-08-09T13:41:05.649Z"}}, {"model": "orders.order", "pk": 9, "fields": {"user": 1, "status": "FM", "is_active": true, "created": "2021-08-09T13:42:27.802Z", "updated": "2021-08-09T13:42:27.802Z"}}, {"model": "orders.order", "pk": 10, "fields": {"user": 1, "status": "FM", "is_active": true, "created": "2021-08-09T13:45:07.108Z", "updated": "2021-08-09T13:45:07.346Z"}}, {"model": "orders.order", "pk": 11, "fields": {"user": 1, "status": "FM", "is_active": true, "created": "2021-08-09T13:46:38.708Z", "updated": "2021-08-09T13:46:39.042Z"}}, {"model": "orders.order", "pk": 12, "fields": {"user": 1, "status": "FM", "is_active": true, "created": "2021-08-09T13:52:26.787Z", "updated": "2021-08-10T09:34:10.730Z"}}, {"model": "orders.orderitem", "pk": 1, "fields": {"order": 1, "product": 2, "quantity": 2}}, {"model": "orders.orderitem", "pk": 2, "fields": {"order": 2, "product": 3, "quantity": 2}}, {"model": "orders.orderitem", "pk": 3, "fields": {"order": 3, "product": 4, "quantity": 2}}, {"model": "orders.orderitem", "pk": 4, "fields": {"order": 4, "product": 4, "quantity": 1}}, {"model": "orders.orderitem", "pk": 5, "fields": {"order": 6, "product": 1, "quantity": 1}}, {"model": "orders.orderitem", "pk": 6, "fields": {"order": 7, "product": 2, "quantity": 14}}, {"model": "orders.orderitem", "pk": 7, "fields": {"order": 10, "product": 1, "quantity": 0}}, {"model": "orders.orderitem", "pk": 8, "fields": {"order": 11, "product": 1, "quantity": 1}}, {"model": "orders.orderitem", "pk": 9, "fields": {"order": 12, "product": 1, "quantity": 11}}, {"model": "orders.orderitem", "pk": 11, "fields": {"order": 12, "product": 3, "quantity": 0}}]